ID,PID,kmeans_cluster,Cluster1,Cluster2,Cluster3,Cluster4,Cluster5
SC002,16483340,4,0,0,0,1,0
SC003,16487877,1,1,0,0,0,0
SC004,16494717,4,0,0,0,1,0
SC005,16495756,2,0,1,0,0,0
SC006,6504590,4,0,0,0,1,0
SC007,9565868,4,0,0,0,1,0
SC008,1152408,2,0,1,0,0,0
SC009,4872533,5,0,0,0,0,1
SC010,11635150,4,0,0,0,1,0
SC011,16510178,4,0,0,0,1,0
SC012,6482325,2,0,1,0,0,0
SC013,82908699,1,1,0,0,0,0
SC014,13802216,4,0,0,0,1,0
SC015,16518322,2,0,1,0,0,0
SC016,15657531,4,0,0,0,1,0
SC017,16530802,1,1,0,0,0,0
SC018,10195823,2,0,1,0,0,0
SC020,8000123,1,1,0,0,0,0
SC021,3669556,4,0,0,0,1,0
SC022,16541421,1,1,0,0,0,0
SC023,16545419,4,0,0,0,1,0
SC024,7834241,1,1,0,0,0,0
SC025,6037054,2,0,1,0,0,0
SC026,4380118,3,0,0,1,0,0
SC027,16560418,2,0,1,0,0,0
SC028,4395018,1,1,0,0,0,0
SC029,4284224,2,0,1,0,0,0
SC030,13291882,4,0,0,0,1,0
SC031,6144365,3,0,0,1,0,0
SC032,541974,1,1,0,0,0,0
SC033,10159371,4,0,0,0,1,0
SC034,7892357,2,0,1,0,0,0
SC035,7568584,2,0,1,0,0,0
SC036,8604614,2,0,1,0,0,0
SC037,16594371,1,1,0,0,0,0
SC038,10471120,1,1,0,0,0,0
SC039,15572161,4,0,0,0,1,0
SC040,6675581,1,1,0,0,0,0
SC041,16303601,3,0,0,1,0,0
SC042,10426981,2,0,1,0,0,0
SC043,82449880,3,0,0,1,0,0
SC044,11991542,2,0,1,0,0,0
SC045,2095025,4,0,0,0,1,0
SC046,2516012,2,0,1,0,0,0
SC047,5085357,2,0,1,0,0,0
SC048,6216129,2,0,1,0,0,0
SC049,16629388,4,0,0,0,1,0
SC050,1567217,4,0,0,0,1,0
SC051,4166892,3,0,0,1,0,0
SC052,16656466,4,0,0,0,1,0
SC053,16665155,4,0,0,0,1,0
SC054,11412810,4,0,0,0,1,0
SC055,16669533,4,0,0,0,1,0
SC056,82285187,1,1,0,0,0,0
SC057,16319389,3,0,0,1,0,0
SC058,4864050,3,0,0,1,0,0
SC059,10255435,4,0,0,0,1,0
SC060,2012421,2,0,1,0,0,0
SC061,6494633,2,0,1,0,0,0
SC062,16292901,4,0,0,0,1,0
SC063,15633896,2,0,1,0,0,0
SC064,16735404,4,0,0,0,1,0
SC065,4953142,2,0,1,0,0,0
SC066,1482343,2,0,1,0,0,0
SC067,1980335,3,0,0,1,0,0
SC068,16747518,2,0,1,0,0,0
SC069,4885058,2,0,1,0,0,0
SC070,14723603,3,0,0,1,0,0
SC071,15850226,3,0,0,1,0,0
SC072,16756886,1,1,0,0,0,0
SC073,9457305,4,0,0,0,1,0
SC074,16774272,4,0,0,0,1,0
SC075,16769163,4,0,0,0,1,0
SC076,16774655,3,0,0,1,0,0
SC077,16783298,4,0,0,0,1,0
SC078,16786637,4,0,0,0,1,0
SC079,16786580,2,0,1,0,0,0
SC080,16783824,4,0,0,0,1,0
SC081,9392335,2,0,1,0,0,0
SC082,6441920,2,0,1,0,0,0
SC083,16210220,1,1,0,0,0,0
SC084,16801610,2,0,1,0,0,0
SC085,12578045,4,0,0,0,1,0
SC086,90914619,4,0,0,0,1,0
SC087,857750,3,0,0,1,0,0
SC088,16813944,2,0,1,0,0,0
SC089,9832610,2,0,1,0,0,0
SC090,14559269,4,0,0,0,1,0
SC091,4043561,4,0,0,0,1,0
SC092,12992666,2,0,1,0,0,0
SC093,15868389,2,0,1,0,0,0
SC094,16848284,3,0,0,1,0,0
SC095,16855493,4,0,0,0,1,0
SC096,82182965,3,0,0,1,0,0
SC097,8043213,3,0,0,1,0,0
SC098,90890957,4,0,0,0,1,0
SC099,82275556,4,0,0,0,1,0
SC100,13604961,4,0,0,0,1,0
SC101,5057728,4,0,0,0,1,0
SC102,82894809,2,0,1,0,0,0
SC103,15507785,4,0,0,0,1,0
SC104,15402746,2,0,1,0,0,0
SC105,415979,2,0,1,0,0,0
SC106,16892607,2,0,1,0,0,0
SC107,16890051,2,0,1,0,0,0
SC108,8321418,2,0,1,0,0,0
SC109,10743820,2,0,1,0,0,0
SC110,16903633,4,0,0,0,1,0
SC111,2578387,2,0,1,0,0,0
SC112,16917260,4,0,0,0,1,0
SC113,7593074,4,0,0,0,1,0
SC114,6066640,2,0,1,0,0,0
SC115,16933788,4,0,0,0,1,0
SC116,3623319,2,0,1,0,0,0
SC117,10412760,2,0,1,0,0,0
SC118,8117594,3,0,0,1,0,0
SC119,16963580,3,0,0,1,0,0
SC120,16965760,3,0,0,1,0,0
SC121,16520025,4,0,0,0,1,0
SC122,12487821,4,0,0,0,1,0
SC123,16975170,2,0,1,0,0,0
SC124,13342282,4,0,0,0,1,0
SC125,7484135,4,0,0,0,1,0
SC126,3479331,4,0,0,0,1,0
SC127,16990030,4,0,0,0,1,0
SC128,17001692,4,0,0,0,1,0
SC129,82945870,4,0,0,0,1,0
SC130,6168647,2,0,1,0,0,0
SC131,17013283,4,0,0,0,1,0
SC132,14077272,2,0,1,0,0,0
SC133,2143003,2,0,1,0,0,0
SC134,1033808,3,0,0,1,0,0
SC135,17036437,4,0,0,0,1,0
SC136,17001544,2,0,1,0,0,0
SC137,14288710,3,0,0,1,0,0
SC138,17042054,2,0,1,0,0,0
SC139,13094262,1,1,0,0,0,0
SC140,7694164,4,0,0,0,1,0
SC141,15678580,4,0,0,0,1,0
SC142,17051517,4,0,0,0,1,0
SC143,17026105,2,0,1,0,0,0
SC144,7401370,2,0,1,0,0,0
SC145,17070473,4,0,0,0,1,0
SC146,16118510,4,0,0,0,1,0
SC147,17060915,3,0,0,1,0,0
SC148,7424396,4,0,0,0,1,0
SC149,17080398,2,0,1,0,0,0
SC150,17076382,1,1,0,0,0,0
SC151,15465969,3,0,0,1,0,0
SC152,13659596,4,0,0,0,1,0
SC153,17092272,2,0,1,0,0,0
SC154,2626411,2,0,1,0,0,0
SC155,14720450,4,0,0,0,1,0
SC156,9826289,2,0,1,0,0,0
SC157,17110734,4,0,0,0,1,0
SC158,2815710,2,0,1,0,0,0
SC160,15703967,1,1,0,0,0,0
SC161,17124573,2,0,1,0,0,0
SC162,11067071,4,0,0,0,1,0
SC163,12209805,4,0,0,0,1,0
SC164,17132444,2,0,1,0,0,0
SC166,16467604,2,0,1,0,0,0
SC167,11151579,4,0,0,0,1,0
SC168,17142806,4,0,0,0,1,0
SC169,17155843,2,0,1,0,0,0
SC170,2704196,5,0,0,0,0,1
SC171,17158338,4,0,0,0,1,0
SC172,17165474,4,0,0,0,1,0
SC173,17172500,2,0,1,0,0,0
SC175,16854438,4,0,0,0,1,0
SC176,13619837,5,0,0,0,0,1
SC177,17183065,2,0,1,0,0,0
SC178,82916748,2,0,1,0,0,0
SC179,7914857,2,0,1,0,0,0
SC180,17189551,4,0,0,0,1,0
SC181,4980247,4,0,0,0,1,0
SC182,10083324,2,0,1,0,0,0
SC183,17208092,4,0,0,0,1,0
SC184,17210950,1,1,0,0,0,0
SC185,2799111,4,0,0,0,1,0
SC186,2422557,2,0,1,0,0,0
SC187,6681344,2,0,1,0,0,0
SC188,2865300,2,0,1,0,0,0
SC189,17232929,4,0,0,0,1,0
SC190,12246190,4,0,0,0,1,0
SC191,16794605,4,0,0,0,1,0
SC192,17234930,4,0,0,0,1,0
SC193,17239613,2,0,1,0,0,0
SC194,12337242,4,0,0,0,1,0
SC196,14115107,2,0,1,0,0,0
SC198,17252954,4,0,0,0,1,0
SC199,17259967,4,0,0,0,1,0
SC200,17269741,4,0,0,0,1,0
SC201,11650605,3,0,0,1,0,0
SC202,17273080,2,0,1,0,0,0
SC203,17281326,4,0,0,0,1,0
SC204,5777453,4,0,0,0,1,0
SC205,17285623,2,0,1,0,0,0
SC208,518484,2,0,1,0,0,0
SC209,1219065,2,0,1,0,0,0
SC210,17296331,1,1,0,0,0,0
SC211,6434622,2,0,1,0,0,0
SC212,6218547,4,0,0,0,1,0
SC213,9147152,4,0,0,0,1,0
SC214,17303354,2,0,1,0,0,0
SC215,6404162,2,0,1,0,0,0
SC216,17315743,5,0,0,0,0,1
SC217,8135185,4,0,0,0,1,0
SC218,3335089,1,1,0,0,0,0
SC219,17318416,2,0,1,0,0,0
SC220,1521454,4,0,0,0,1,0
SC222,17342341,4,0,0,0,1,0
SC223,13636405,4,0,0,0,1,0
SC224,82133662,2,0,1,0,0,0
SC225,7097387,2,0,1,0,0,0
SC226,8277184,2,0,1,0,0,0
SC227,605646,2,0,1,0,0,0
SC228,83095845,2,0,1,0,0,0
SC229,10694048,4,0,0,0,1,0
SC230,17370981,4,0,0,0,1,0
SC231,17370809,5,0,0,0,0,1
SC232,1825089,4,0,0,0,1,0
SC233,17373930,4,0,0,0,1,0
SC234,8230617,2,0,1,0,0,0
SC235,659835,2,0,1,0,0,0
SC236,17388414,2,0,1,0,0,0
SC237,14111837,4,0,0,0,1,0
SC238,82906963,1,1,0,0,0,0
SC239,3229343,3,0,0,1,0,0
SC240,17393825,4,0,0,0,1,0
SC241,83147810,2,0,1,0,0,0
SC242,17398703,2,0,1,0,0,0
SC243,2670720,2,0,1,0,0,0
SC244,6899862,2,0,1,0,0,0
SC245,4226607,4,0,0,0,1,0
SC246,2620944,4,0,0,0,1,0
SC247,8539510,5,0,0,0,0,1
SC248,12046485,4,0,0,0,1,0
SC249,6786090,1,1,0,0,0,0
SC250,15133273,3,0,0,1,0,0
SC251,17437610,2,0,1,0,0,0
SC252,2349558,2,0,1,0,0,0
SC253,9005498,2,0,1,0,0,0
SC254,83171045,4,0,0,0,1,0
SC255,10106049,5,0,0,0,0,1
SC256,4048288,2,0,1,0,0,0
SC257,82352895,4,0,0,0,1,0
SC258,10761314,4,0,0,0,1,0
SC259,11104350,4,0,0,0,1,0
SC260,82024022,3,0,0,1,0,0
SC261,7649703,3,0,0,1,0,0
SC262,15851133,4,0,0,0,1,0
SC263,4133625,2,0,1,0,0,0
SC264,12938920,4,0,0,0,1,0
SC265,8940959,4,0,0,0,1,0
SC266,17478693,4,0,0,0,1,0
SC267,15725170,2,0,1,0,0,0
SC268,15972615,2,0,1,0,0,0
SC269,12762156,4,0,0,0,1,0
SC270,12765805,2,0,1,0,0,0
SC271,246263,4,0,0,0,1,0
SC272,17514703,4,0,0,0,1,0
SC273,17290678,4,0,0,0,1,0
SC274,17523338,4,0,0,0,1,0
SC275,17524423,3,0,0,1,0,0
SC276,1662864,3,0,0,1,0,0
SC277,10953531,3,0,0,1,0,0
SC278,17539579,4,0,0,0,1,0
SC279,7649274,3,0,0,1,0,0
SC280,10229744,2,0,1,0,0,0
SC281,17556031,4,0,0,0,1,0
SC282,4565967,2,0,1,0,0,0
SC283,17564654,2,0,1,0,0,0
SC284,17565529,4,0,0,0,1,0
SC285,82426473,2,0,1,0,0,0
SC286,16784316,4,0,0,0,1,0
SC287,6227767,2,0,1,0,0,0
SC288,7602308,2,0,1,0,0,0
SC289,17586097,2,0,1,0,0,0
SC290,8178127,2,0,1,0,0,0
SC291,11883405,4,0,0,0,1,0
SC292,7185030,3,0,0,1,0,0
SC293,82045232,2,0,1,0,0,0
SC294,82211400,2,0,1,0,0,0
SC295,10844872,4,0,0,0,1,0
SC296,1003909,3,0,0,1,0,0
SC297,17629306,3,0,0,1,0,0
SC298,82919909,4,0,0,0,1,0
SC299,8055742,1,1,0,0,0,0
SC300,6254829,3,0,0,1,0,0
SC301,17645077,4,0,0,0,1,0
SC302,4314859,1,1,0,0,0,0
SC303,955671,4,0,0,0,1,0
SC304,2847388,4,0,0,0,1,0
SC305,17649552,4,0,0,0,1,0
SC306,12720275,4,0,0,0,1,0
SC307,11815787,4,0,0,0,1,0
SC308,4141210,4,0,0,0,1,0
SC309,17661676,4,0,0,0,1,0
SC310,17666996,2,0,1,0,0,0
SC311,17660602,4,0,0,0,1,0
SC312,3140768,1,1,0,0,0,0
SC313,9425128,4,0,0,0,1,0
SC314,1572148,2,0,1,0,0,0
SC315,17689171,4,0,0,0,1,0
SC316,82694443,2,0,1,0,0,0
SC317,10000674,1,1,0,0,0,0
SC318,83080090,1,1,0,0,0,0
SC319,17709733,2,0,1,0,0,0
SC320,11552794,4,0,0,0,1,0
SC321,3140547,4,0,0,0,1,0
SC322,17716632,4,0,0,0,1,0
SC323,17710049,4,0,0,0,1,0
SC324,82374945,4,0,0,0,1,0
SC325,6470955,4,0,0,0,1,0
SC326,17737117,4,0,0,0,1,0
SC327,8733996,1,1,0,0,0,0
SC328,17747252,4,0,0,0,1,0
SC329,8299617,4,0,0,0,1,0
SC330,15299996,4,0,0,0,1,0
SC331,7947828,4,0,0,0,1,0
SC332,17757541,4,0,0,0,1,0
SC333,17754879,4,0,0,0,1,0
SC334,7074743,4,0,0,0,1,0
SC335,6027121,4,0,0,0,1,0
SC336,9764194,1,1,0,0,0,0
SC337,7549440,2,0,1,0,0,0
SC338,8202737,3,0,0,1,0,0
SC339,17199344,3,0,0,1,0,0
SC340,17807700,3,0,0,1,0,0
SC341,7852410,4,0,0,0,1,0
SC342,8822476,2,0,1,0,0,0
SC343,3402584,1,1,0,0,0,0
SC344,16546466,2,0,1,0,0,0
SC345,15678342,2,0,1,0,0,0
SC346,17838487,2,0,1,0,0,0
SC347,17843103,4,0,0,0,1,0
SC348,17850762,4,0,0,0,1,0
SC349,17848849,2,0,1,0,0,0
SC350,6466524,3,0,0,1,0,0
SC351,17862981,1,1,0,0,0,0
SC352,10146083,4,0,0,0,1,0
SC353,5584639,4,0,0,0,1,0
SC354,82029806,4,0,0,0,1,0
SC355,17871484,4,0,0,0,1,0
SC356,17869064,4,0,0,0,1,0
SC357,17875900,4,0,0,0,1,0
SC358,8757437,2,0,1,0,0,0
SC359,17887585,2,0,1,0,0,0
SC360,17887488,1,1,0,0,0,0
SC361,4541545,2,0,1,0,0,0
SC362,12333174,3,0,0,1,0,0
SC363,2306948,1,1,0,0,0,0
SC364,16196708,4,0,0,0,1,0
SC365,17914990,2,0,1,0,0,0
SC366,17920930,4,0,0,0,1,0
SC367,6621554,4,0,0,0,1,0
SC368,13487116,2,0,1,0,0,0
SC369,12379573,4,0,0,0,1,0
SC370,8459215,2,0,1,0,0,0
SC371,17955998,2,0,1,0,0,0
SC372,7986637,4,0,0,0,1,0
SC373,6927149,1,1,0,0,0,0
SC374,4375033,2,0,1,0,0,0
SC375,2735954,1,1,0,0,0,0
SC376,2146398,2,0,1,0,0,0
SC377,17985870,1,1,0,0,0,0
SC378,12910490,2,0,1,0,0,0
SC379,10251774,2,0,1,0,0,0
SC380,8128162,4,0,0,0,1,0
SC381,17994748,2,0,1,0,0,0
SC382,894095,4,0,0,0,1,0
SC383,16945409,3,0,0,1,0,0
SC384,18009670,4,0,0,0,1,0
SC385,2778262,2,0,1,0,0,0
SC386,18014119,4,0,0,0,1,0
SC387,2006782,4,0,0,0,1,0
SC388,6227414,4,0,0,0,1,0
SC389,18036210,4,0,0,0,1,0
SC390,817554,3,0,0,1,0,0
SC391,18049931,4,0,0,0,1,0
SC392,2336766,2,0,1,0,0,0
SC393,18058380,4,0,0,0,1,0
SC394,11630663,4,0,0,0,1,0
SC395,18075420,4,0,0,0,1,0
SC396,4218817,4,0,0,0,1,0
SC398,17448000,4,0,0,0,1,0
SC399,82384223,1,1,0,0,0,0
SC400,13876724,1,1,0,0,0,0
SC401,18099080,4,0,0,0,1,0
SC402,1232428,3,0,0,1,0,0
SC403,11976659,2,0,1,0,0,0
SC404,18120990,4,0,0,0,1,0
SC405,10249672,4,0,0,0,1,0
SC406,3733572,2,0,1,0,0,0
SC407,4212371,2,0,1,0,0,0
SC408,6106226,4,0,0,0,1,0
SC409,5831776,2,0,1,0,0,0
SC410,15215571,4,0,0,0,1,0
SC411,18145590,2,0,1,0,0,0
SC412,18151300,4,0,0,0,1,0
SC413,17560764,4,0,0,0,1,0
SC414,18154390,4,0,0,0,1,0
SC415,18158090,4,0,0,0,1,0
SC416,3102238,2,0,1,0,0,0
SC417,15006387,4,0,0,0,1,0
SC418,18166640,4,0,0,0,1,0
SC419,2350505,4,0,0,0,1,0
SC420,4398092,4,0,0,0,1,0
SC421,4192575,2,0,1,0,0,0
SC422,9227130,4,0,0,0,1,0
SC423,4868706,4,0,0,0,1,0
SC424,13110071,4,0,0,0,1,0
SC425,9872639,4,0,0,0,1,0
SC426,13895079,4,0,0,0,1,0
SC427,16017951,4,0,0,0,1,0
SC428,7147112,4,0,0,0,1,0
SC429,9874690,4,0,0,0,1,0
SC430,18298070,4,0,0,0,1,0
SC431,18292420,4,0,0,0,1,0
SC432,83259040,4,0,0,0,1,0
SC433,18341600,4,0,0,0,1,0
SC434,11528753,4,0,0,0,1,0
